<?xml version="1.0" encoding="ISO-8859-1" ?>
<link_info>
   <banner>MSP430 Linker PC v21.6.1.LTS</banner>
   <copyright>Copyright (c) 2003-2018 Texas Instruments Incorporated</copyright>
   <link_time>0x6472bf8d</link_time>
   <link_errors>0x0</link_errors>
   <output_file>Montana Vent Servo.out</output_file>
   <entry_point>
      <name>_c_int00_noargs</name>
      <address>0xf928</address>
   </entry_point>
   <input_file_list>
      <input_file id="fl-2">
         <path>.\</path>
         <kind>object</kind>
         <file>main.obj</file>
         <name>main.obj</name>
      </input_file>
      <input_file id="fl-7">
         <kind>object</kind>
         <file>&lt;internal&gt;</file>
         <name>&lt;internal&gt;</name>
      </input_file>
      <input_file id="fl-1d">
         <path>C:\ti\ccs1230\ccs\tools\compiler\ti-cgt-msp430_21.6.1.LTS\lib\</path>
         <kind>archive</kind>
         <file>rts430_eabi.lib</file>
         <name>int03.asm.obj</name>
      </input_file>
      <input_file id="fl-1e">
         <path>C:\ti\ccs1230\ccs\tools\compiler\ti-cgt-msp430_21.6.1.LTS\lib\</path>
         <kind>archive</kind>
         <file>rts430_eabi.lib</file>
         <name>int04.asm.obj</name>
      </input_file>
      <input_file id="fl-1f">
         <path>C:\ti\ccs1230\ccs\tools\compiler\ti-cgt-msp430_21.6.1.LTS\lib\</path>
         <kind>archive</kind>
         <file>rts430_eabi.lib</file>
         <name>int05.asm.obj</name>
      </input_file>
      <input_file id="fl-20">
         <path>C:\ti\ccs1230\ccs\tools\compiler\ti-cgt-msp430_21.6.1.LTS\lib\</path>
         <kind>archive</kind>
         <file>rts430_eabi.lib</file>
         <name>int10.asm.obj</name>
      </input_file>
      <input_file id="fl-21">
         <path>C:\ti\ccs1230\ccs\tools\compiler\ti-cgt-msp430_21.6.1.LTS\lib\</path>
         <kind>archive</kind>
         <file>rts430_eabi.lib</file>
         <name>int14.asm.obj</name>
      </input_file>
      <input_file id="fl-22">
         <path>C:\ti\ccs1230\ccs\tools\compiler\ti-cgt-msp430_21.6.1.LTS\lib\</path>
         <kind>archive</kind>
         <file>rts430_eabi.lib</file>
         <name>isr_trap.asm.obj</name>
      </input_file>
      <input_file id="fl-23">
         <path>C:\ti\ccs1230\ccs\tools\compiler\ti-cgt-msp430_21.6.1.LTS\lib\</path>
         <kind>archive</kind>
         <file>rts430_eabi.lib</file>
         <name>lsl16.asm.obj</name>
      </input_file>
      <input_file id="fl-24">
         <path>C:\ti\ccs1230\ccs\tools\compiler\ti-cgt-msp430_21.6.1.LTS\lib\</path>
         <kind>archive</kind>
         <file>rts430_eabi.lib</file>
         <name>mult16.asm.obj</name>
      </input_file>
      <input_file id="fl-25">
         <path>C:\ti\ccs1230\ccs\tools\compiler\ti-cgt-msp430_21.6.1.LTS\lib\</path>
         <kind>archive</kind>
         <file>rts430_eabi.lib</file>
         <name>boot.c.obj</name>
      </input_file>
      <input_file id="fl-26">
         <path>C:\ti\ccs1230\ccs\tools\compiler\ti-cgt-msp430_21.6.1.LTS\lib\</path>
         <kind>archive</kind>
         <file>rts430_eabi.lib</file>
         <name>autoinit.c.obj</name>
      </input_file>
      <input_file id="fl-27">
         <path>C:\ti\ccs1230\ccs\tools\compiler\ti-cgt-msp430_21.6.1.LTS\lib\</path>
         <kind>archive</kind>
         <file>rts430_eabi.lib</file>
         <name>copy_zero_init.c.obj</name>
      </input_file>
      <input_file id="fl-28">
         <path>C:\ti\ccs1230\ccs\tools\compiler\ti-cgt-msp430_21.6.1.LTS\lib\</path>
         <kind>archive</kind>
         <file>rts430_eabi.lib</file>
         <name>cpy_tbl.c.obj</name>
      </input_file>
      <input_file id="fl-29">
         <path>C:\ti\ccs1230\ccs\tools\compiler\ti-cgt-msp430_21.6.1.LTS\lib\</path>
         <kind>archive</kind>
         <file>rts430_eabi.lib</file>
         <name>mpu_init.c.obj</name>
      </input_file>
      <input_file id="fl-2a">
         <path>C:\ti\ccs1230\ccs\tools\compiler\ti-cgt-msp430_21.6.1.LTS\lib\</path>
         <kind>archive</kind>
         <file>rts430_eabi.lib</file>
         <name>pre_init.c.obj</name>
      </input_file>
      <input_file id="fl-2b">
         <path>C:\ti\ccs1230\ccs\tools\compiler\ti-cgt-msp430_21.6.1.LTS\lib\</path>
         <kind>archive</kind>
         <file>rts430_eabi.lib</file>
         <name>startup.c.obj</name>
      </input_file>
      <input_file id="fl-2c">
         <path>C:\ti\ccs1230\ccs\tools\compiler\ti-cgt-msp430_21.6.1.LTS\lib\</path>
         <kind>archive</kind>
         <file>rts430_eabi.lib</file>
         <name>copy_decompress_none.c.obj</name>
      </input_file>
      <input_file id="fl-2d">
         <path>C:\ti\ccs1230\ccs\tools\compiler\ti-cgt-msp430_21.6.1.LTS\lib\</path>
         <kind>archive</kind>
         <file>rts430_eabi.lib</file>
         <name>copy_decompress_lzss.c.obj</name>
      </input_file>
      <input_file id="fl-2e">
         <path>C:\ti\ccs1230\ccs\tools\compiler\ti-cgt-msp430_21.6.1.LTS\lib\</path>
         <kind>archive</kind>
         <file>rts430_eabi.lib</file>
         <name>exit.c.obj</name>
      </input_file>
      <input_file id="fl-2f">
         <path>C:\ti\ccs1230\ccs\tools\compiler\ti-cgt-msp430_21.6.1.LTS\lib\</path>
         <kind>archive</kind>
         <file>rts430_eabi.lib</file>
         <name>_lock.c.obj</name>
      </input_file>
      <input_file id="fl-30">
         <path>C:\ti\ccs1230\ccs\tools\compiler\ti-cgt-msp430_21.6.1.LTS\lib\</path>
         <kind>archive</kind>
         <file>rts430_eabi.lib</file>
         <name>args_main.c.obj</name>
      </input_file>
      <input_file id="fl-31">
         <path>C:\ti\ccs1230\ccs\tools\compiler\ti-cgt-msp430_21.6.1.LTS\lib\</path>
         <kind>archive</kind>
         <file>rts430_eabi.lib</file>
         <name>memcpy.c.obj</name>
      </input_file>
      <input_file id="fl-32">
         <path>C:\ti\ccs1230\ccs\tools\compiler\ti-cgt-msp430_21.6.1.LTS\lib\</path>
         <kind>archive</kind>
         <file>rts430_eabi.lib</file>
         <name>epilog.asm.obj</name>
      </input_file>
      <input_file id="fl-33">
         <path>C:\ti\ccs1230\ccs\tools\compiler\ti-cgt-msp430_21.6.1.LTS\lib\</path>
         <kind>archive</kind>
         <file>rts430_eabi.lib</file>
         <name>lsr16.asm.obj</name>
      </input_file>
      <input_file id="fl-34">
         <path>C:\ti\ccs1230\ccs\tools\compiler\ti-cgt-msp430_21.6.1.LTS\lib\</path>
         <kind>archive</kind>
         <file>rts430_eabi.lib</file>
         <name>exit_gvars.c.obj</name>
      </input_file>
   </input_file_list>
   <object_component_list>
      <object_component id="oc-114">
         <name>.common:servo_status</name>
         <uninitialized>true</uninitialized>
         <run_address>0x202</run_address>
         <size>0x1</size>
      </object_component>
      <object_component id="oc-119">
         <name>.common:temp</name>
         <uninitialized>true</uninitialized>
         <run_address>0x200</run_address>
         <size>0x2</size>
      </object_component>
      <object_component id="oc-7d">
         <name>.stack</name>
         <uninitialized>true</uninitialized>
         <run_address>0x24c</run_address>
         <size>0x2</size>
         <input_file_ref idref="fl-25"/>
      </object_component>
      <object_component id="oc-249">
         <name>.stack</name>
         <uninitialized>true</uninitialized>
         <run_address>0x24c</run_address>
         <size>0x0</size>
      </object_component>
      <object_component id="oc-12f">
         <name>.text:main</name>
         <load_address>0xf800</load_address>
         <run_address>0xf800</run_address>
         <size>0x5a</size>
         <input_file_ref idref="fl-2"/>
      </object_component>
      <object_component id="oc-16d">
         <name>.text:__TI_auto_init_nobinit_nopinit:__TI_auto_init_nobinit_nopinit</name>
         <load_address>0xf85a</load_address>
         <run_address>0xf85a</run_address>
         <size>0x42</size>
         <input_file_ref idref="fl-26"/>
      </object_component>
      <object_component id="oc-b9">
         <name>.text:Timer_A_CCR0_ISR</name>
         <load_address>0xf89c</load_address>
         <run_address>0xf89c</run_address>
         <size>0x34</size>
         <input_file_ref idref="fl-2"/>
      </object_component>
      <object_component id="oc-15a">
         <name>.text:initTimer_A</name>
         <load_address>0xf8d0</load_address>
         <run_address>0xf8d0</run_address>
         <size>0x32</size>
         <input_file_ref idref="fl-2"/>
      </object_component>
      <object_component id="oc-a8">
         <name>.text:Servo_change</name>
         <load_address>0xf902</load_address>
         <run_address>0xf902</run_address>
         <size>0x26</size>
         <input_file_ref idref="fl-2"/>
      </object_component>
      <object_component id="oc-d1">
         <name>.text:_c_int00_noargs</name>
         <load_address>0xf928</load_address>
         <run_address>0xf928</run_address>
         <size>0x1c</size>
         <input_file_ref idref="fl-25"/>
      </object_component>
      <object_component id="oc-b3">
         <name>.text:Timer_A_CCR1_ISR</name>
         <load_address>0xf944</load_address>
         <run_address>0xf944</run_address>
         <size>0x1a</size>
         <input_file_ref idref="fl-2"/>
      </object_component>
      <object_component id="oc-bf">
         <name>.text:decompress:ZI:__TI_zero_init_nomemset:__TI_zero_init_nomemset</name>
         <load_address>0xf95e</load_address>
         <run_address>0xf95e</run_address>
         <size>0x14</size>
         <input_file_ref idref="fl-27"/>
      </object_component>
      <object_component id="oc-11b">
         <name>.text</name>
         <load_address>0xf972</load_address>
         <run_address>0xf972</run_address>
         <size>0x14</size>
         <input_file_ref idref="fl-24"/>
      </object_component>
      <object_component id="oc-8b">
         <name>.text</name>
         <load_address>0xf986</load_address>
         <run_address>0xf986</run_address>
         <size>0x10</size>
         <input_file_ref idref="fl-32"/>
      </object_component>
      <object_component id="oc-ae">
         <name>.text:_isr:__TI_ISR_TRAP</name>
         <load_address>0xf996</load_address>
         <run_address>0xf996</run_address>
         <size>0x8</size>
         <input_file_ref idref="fl-22"/>
      </object_component>
      <object_component id="oc-161">
         <name>.text:abort</name>
         <load_address>0xf99e</load_address>
         <run_address>0xf99e</run_address>
         <size>0x6</size>
         <input_file_ref idref="fl-2e"/>
      </object_component>
      <object_component id="oc-129">
         <name>.text:_system_pre_init</name>
         <load_address>0xf9a4</load_address>
         <run_address>0xf9a4</run_address>
         <size>0x4</size>
         <input_file_ref idref="fl-2a"/>
      </object_component>
      <object_component id="oc-1b3">
         <name>.text:_system_post_cinit</name>
         <load_address>0xf9a8</load_address>
         <run_address>0xf9a8</run_address>
         <size>0x2</size>
         <input_file_ref idref="fl-2b"/>
      </object_component>
      <object_component id="oc-248">
         <name>.cinit..bss.load</name>
         <load_address>0xf9aa</load_address>
         <run_address>0xf9aa</run_address>
         <size>0x4</size>
      </object_component>
      <object_component id="oc-246">
         <name>__TI_handler_table</name>
         <load_address>0xf9ae</load_address>
         <run_address>0xf9ae</run_address>
         <size>0x2</size>
      </object_component>
      <object_component id="oc-247">
         <name>__TI_cinit_table</name>
         <load_address>0xf9b0</load_address>
         <run_address>0xf9b0</run_address>
         <size>0x4</size>
      </object_component>
      <object_component id="oc-209">
         <name>.binit</name>
         <load_address>0xf800</load_address>
         <run_address>0xf800</run_address>
         <size>0x0</size>
      </object_component>
      <object_component id="oc-3a">
         <name>.int02</name>
         <load_address>0xffe4</load_address>
         <run_address>0xffe4</run_address>
         <size>0x2</size>
         <input_file_ref idref="fl-2"/>
      </object_component>
      <object_component id="oc-3b">
         <name>.int03</name>
         <load_address>0xffe6</load_address>
         <run_address>0xffe6</run_address>
         <size>0x2</size>
         <input_file_ref idref="fl-1d"/>
      </object_component>
      <object_component id="oc-3c">
         <name>.int04</name>
         <load_address>0xffe8</load_address>
         <run_address>0xffe8</run_address>
         <size>0x2</size>
         <input_file_ref idref="fl-1e"/>
      </object_component>
      <object_component id="oc-3d">
         <name>.int05</name>
         <load_address>0xffea</load_address>
         <run_address>0xffea</run_address>
         <size>0x2</size>
         <input_file_ref idref="fl-1f"/>
      </object_component>
      <object_component id="oc-3e">
         <name>.int08</name>
         <load_address>0xfff0</load_address>
         <run_address>0xfff0</run_address>
         <size>0x2</size>
         <input_file_ref idref="fl-2"/>
      </object_component>
      <object_component id="oc-3f">
         <name>.int09</name>
         <load_address>0xfff2</load_address>
         <run_address>0xfff2</run_address>
         <size>0x2</size>
         <input_file_ref idref="fl-2"/>
      </object_component>
      <object_component id="oc-40">
         <name>.int10</name>
         <load_address>0xfff4</load_address>
         <run_address>0xfff4</run_address>
         <size>0x2</size>
         <input_file_ref idref="fl-20"/>
      </object_component>
      <object_component id="oc-41">
         <name>.int14</name>
         <load_address>0xfffc</load_address>
         <run_address>0xfffc</run_address>
         <size>0x2</size>
         <input_file_ref idref="fl-21"/>
      </object_component>
      <object_component id="oc-80">
         <name>.reset</name>
         <load_address>0xfffe</load_address>
         <run_address>0xfffe</run_address>
         <size>0x2</size>
         <input_file_ref idref="fl-25"/>
      </object_component>
      <object_component id="oc-115">
         <name>.debug_info</name>
         <load_address>0x0</load_address>
         <run_address>0x0</run_address>
         <size>0x362</size>
         <input_file_ref idref="fl-2"/>
      </object_component>
      <object_component id="oc-15d">
         <name>.debug_info</name>
         <load_address>0x362</load_address>
         <run_address>0x362</run_address>
         <size>0x117</size>
         <input_file_ref idref="fl-2"/>
      </object_component>
      <object_component id="oc-130">
         <name>.debug_info</name>
         <load_address>0x479</load_address>
         <run_address>0x479</run_address>
         <size>0x105</size>
         <input_file_ref idref="fl-2"/>
      </object_component>
      <object_component id="oc-b4">
         <name>.debug_info</name>
         <load_address>0x57e</load_address>
         <run_address>0x57e</run_address>
         <size>0x10e</size>
         <input_file_ref idref="fl-2"/>
      </object_component>
      <object_component id="oc-ba">
         <name>.debug_info</name>
         <load_address>0x68c</load_address>
         <run_address>0x68c</run_address>
         <size>0x125</size>
         <input_file_ref idref="fl-2"/>
      </object_component>
      <object_component id="oc-a9">
         <name>.debug_info</name>
         <load_address>0x7b1</load_address>
         <run_address>0x7b1</run_address>
         <size>0x106</size>
         <input_file_ref idref="fl-2"/>
      </object_component>
      <object_component id="oc-96">
         <name>.debug_info</name>
         <load_address>0x8b7</load_address>
         <run_address>0x8b7</run_address>
         <size>0x84</size>
         <input_file_ref idref="fl-2"/>
      </object_component>
      <object_component id="oc-af">
         <name>.debug_info</name>
         <load_address>0x93b</load_address>
         <run_address>0x93b</run_address>
         <size>0x10f</size>
         <input_file_ref idref="fl-22"/>
      </object_component>
      <object_component id="oc-11d">
         <name>.debug_info</name>
         <load_address>0xa4a</load_address>
         <run_address>0xa4a</run_address>
         <size>0x121</size>
         <input_file_ref idref="fl-24"/>
      </object_component>
      <object_component id="oc-7e">
         <name>.debug_info</name>
         <load_address>0xb6b</load_address>
         <run_address>0xb6b</run_address>
         <size>0x100</size>
         <input_file_ref idref="fl-25"/>
      </object_component>
      <object_component id="oc-d3">
         <name>.debug_info</name>
         <load_address>0xc6b</load_address>
         <run_address>0xc6b</run_address>
         <size>0x17a</size>
         <input_file_ref idref="fl-25"/>
      </object_component>
      <object_component id="oc-1ba">
         <name>.debug_info</name>
         <load_address>0xde5</load_address>
         <run_address>0xde5</run_address>
         <size>0x3de</size>
         <input_file_ref idref="fl-26"/>
      </object_component>
      <object_component id="oc-16e">
         <name>.debug_info</name>
         <load_address>0x11c3</load_address>
         <run_address>0x11c3</run_address>
         <size>0x1e0</size>
         <input_file_ref idref="fl-26"/>
      </object_component>
      <object_component id="oc-1eb">
         <name>.debug_info</name>
         <load_address>0x13a3</load_address>
         <run_address>0x13a3</run_address>
         <size>0x39</size>
         <input_file_ref idref="fl-26"/>
      </object_component>
      <object_component id="oc-1f7">
         <name>.debug_info</name>
         <load_address>0x13dc</load_address>
         <run_address>0x13dc</run_address>
         <size>0x2c</size>
         <input_file_ref idref="fl-26"/>
      </object_component>
      <object_component id="oc-1c5">
         <name>.debug_info</name>
         <load_address>0x1408</load_address>
         <run_address>0x1408</run_address>
         <size>0x2c</size>
         <input_file_ref idref="fl-26"/>
      </object_component>
      <object_component id="oc-1f0">
         <name>.debug_info</name>
         <load_address>0x1434</load_address>
         <run_address>0x1434</run_address>
         <size>0xcd</size>
         <input_file_ref idref="fl-26"/>
      </object_component>
      <object_component id="oc-127">
         <name>.debug_info</name>
         <load_address>0x1501</load_address>
         <run_address>0x1501</run_address>
         <size>0x175</size>
         <input_file_ref idref="fl-27"/>
      </object_component>
      <object_component id="oc-c0">
         <name>.debug_info</name>
         <load_address>0x1676</load_address>
         <run_address>0x1676</run_address>
         <size>0x1d2</size>
         <input_file_ref idref="fl-27"/>
      </object_component>
      <object_component id="oc-122">
         <name>.debug_info</name>
         <load_address>0x1848</load_address>
         <run_address>0x1848</run_address>
         <size>0x46</size>
         <input_file_ref idref="fl-27"/>
      </object_component>
      <object_component id="oc-108">
         <name>.debug_info</name>
         <load_address>0x188e</load_address>
         <run_address>0x188e</run_address>
         <size>0x2c</size>
         <input_file_ref idref="fl-27"/>
      </object_component>
      <object_component id="oc-12d">
         <name>.debug_info</name>
         <load_address>0x18ba</load_address>
         <run_address>0x18ba</run_address>
         <size>0x153</size>
         <input_file_ref idref="fl-2a"/>
      </object_component>
      <object_component id="oc-1b6">
         <name>.debug_info</name>
         <load_address>0x1a0d</load_address>
         <run_address>0x1a0d</run_address>
         <size>0x150</size>
         <input_file_ref idref="fl-2b"/>
      </object_component>
      <object_component id="oc-165">
         <name>.debug_info</name>
         <load_address>0x1b5d</load_address>
         <run_address>0x1b5d</run_address>
         <size>0x122</size>
         <input_file_ref idref="fl-2e"/>
      </object_component>
      <object_component id="oc-8e">
         <name>.debug_info</name>
         <load_address>0x1c7f</load_address>
         <run_address>0x1c7f</run_address>
         <size>0x12e</size>
         <input_file_ref idref="fl-32"/>
      </object_component>
      <object_component id="oc-24a">
         <name>.debug_info</name>
         <load_address>0x1dad</load_address>
         <run_address>0x1dad</run_address>
         <size>0xa2</size>
      </object_component>
      <object_component id="oc-155">
         <name>.debug_line</name>
         <load_address>0x0</load_address>
         <run_address>0x0</run_address>
         <size>0x68</size>
         <input_file_ref idref="fl-2"/>
      </object_component>
      <object_component id="oc-15c">
         <name>.debug_line</name>
         <load_address>0x68</load_address>
         <run_address>0x68</run_address>
         <size>0x47</size>
         <input_file_ref idref="fl-2"/>
      </object_component>
      <object_component id="oc-133">
         <name>.debug_line</name>
         <load_address>0xaf</load_address>
         <run_address>0xaf</run_address>
         <size>0x50</size>
         <input_file_ref idref="fl-2"/>
      </object_component>
      <object_component id="oc-b7">
         <name>.debug_line</name>
         <load_address>0xff</load_address>
         <run_address>0xff</run_address>
         <size>0x47</size>
         <input_file_ref idref="fl-2"/>
      </object_component>
      <object_component id="oc-bd">
         <name>.debug_line</name>
         <load_address>0x146</load_address>
         <run_address>0x146</run_address>
         <size>0x44</size>
         <input_file_ref idref="fl-2"/>
      </object_component>
      <object_component id="oc-ac">
         <name>.debug_line</name>
         <load_address>0x18a</load_address>
         <run_address>0x18a</run_address>
         <size>0x4c</size>
         <input_file_ref idref="fl-2"/>
      </object_component>
      <object_component id="oc-99">
         <name>.debug_line</name>
         <load_address>0x1d6</load_address>
         <run_address>0x1d6</run_address>
         <size>0x20</size>
         <input_file_ref idref="fl-2"/>
      </object_component>
      <object_component id="oc-b2">
         <name>.debug_line</name>
         <load_address>0x1f6</load_address>
         <run_address>0x1f6</run_address>
         <size>0x3d</size>
         <input_file_ref idref="fl-22"/>
      </object_component>
      <object_component id="oc-11c">
         <name>.debug_line</name>
         <load_address>0x233</load_address>
         <run_address>0x233</run_address>
         <size>0x42</size>
         <input_file_ref idref="fl-24"/>
      </object_component>
      <object_component id="oc-fc">
         <name>.debug_line</name>
         <load_address>0x275</load_address>
         <run_address>0x275</run_address>
         <size>0x2a</size>
         <input_file_ref idref="fl-25"/>
      </object_component>
      <object_component id="oc-d2">
         <name>.debug_line</name>
         <load_address>0x29f</load_address>
         <run_address>0x29f</run_address>
         <size>0x46</size>
         <input_file_ref idref="fl-25"/>
      </object_component>
      <object_component id="oc-1ea">
         <name>.debug_line</name>
         <load_address>0x2e5</load_address>
         <run_address>0x2e5</run_address>
         <size>0xbf</size>
         <input_file_ref idref="fl-26"/>
      </object_component>
      <object_component id="oc-171">
         <name>.debug_line</name>
         <load_address>0x3a4</load_address>
         <run_address>0x3a4</run_address>
         <size>0x76</size>
         <input_file_ref idref="fl-26"/>
      </object_component>
      <object_component id="oc-1ee">
         <name>.debug_line</name>
         <load_address>0x41a</load_address>
         <run_address>0x41a</run_address>
         <size>0x2e</size>
         <input_file_ref idref="fl-26"/>
      </object_component>
      <object_component id="oc-1fa">
         <name>.debug_line</name>
         <load_address>0x448</load_address>
         <run_address>0x448</run_address>
         <size>0x9a</size>
         <input_file_ref idref="fl-26"/>
      </object_component>
      <object_component id="oc-1c8">
         <name>.debug_line</name>
         <load_address>0x4e2</load_address>
         <run_address>0x4e2</run_address>
         <size>0x97</size>
         <input_file_ref idref="fl-26"/>
      </object_component>
      <object_component id="oc-1f3">
         <name>.debug_line</name>
         <load_address>0x579</load_address>
         <run_address>0x579</run_address>
         <size>0x93</size>
         <input_file_ref idref="fl-26"/>
      </object_component>
      <object_component id="oc-158">
         <name>.debug_line</name>
         <load_address>0x60c</load_address>
         <run_address>0x60c</run_address>
         <size>0x20</size>
         <input_file_ref idref="fl-27"/>
      </object_component>
      <object_component id="oc-c3">
         <name>.debug_line</name>
         <load_address>0x62c</load_address>
         <run_address>0x62c</run_address>
         <size>0x4a</size>
         <input_file_ref idref="fl-27"/>
      </object_component>
      <object_component id="oc-125">
         <name>.debug_line</name>
         <load_address>0x676</load_address>
         <run_address>0x676</run_address>
         <size>0x34</size>
         <input_file_ref idref="fl-27"/>
      </object_component>
      <object_component id="oc-10b">
         <name>.debug_line</name>
         <load_address>0x6aa</load_address>
         <run_address>0x6aa</run_address>
         <size>0x92</size>
         <input_file_ref idref="fl-27"/>
      </object_component>
      <object_component id="oc-12b">
         <name>.debug_line</name>
         <load_address>0x73c</load_address>
         <run_address>0x73c</run_address>
         <size>0x3e</size>
         <input_file_ref idref="fl-2a"/>
      </object_component>
      <object_component id="oc-1b8">
         <name>.debug_line</name>
         <load_address>0x77a</load_address>
         <run_address>0x77a</run_address>
         <size>0x3a</size>
         <input_file_ref idref="fl-2b"/>
      </object_component>
      <object_component id="oc-163">
         <name>.debug_line</name>
         <load_address>0x7b4</load_address>
         <run_address>0x7b4</run_address>
         <size>0x3d</size>
         <input_file_ref idref="fl-2e"/>
      </object_component>
      <object_component id="oc-8c">
         <name>.debug_line</name>
         <load_address>0x7f1</load_address>
         <run_address>0x7f1</run_address>
         <size>0x40</size>
         <input_file_ref idref="fl-32"/>
      </object_component>
      <object_component id="oc-15b">
         <name>.debug_frame</name>
         <load_address>0x0</load_address>
         <run_address>0x0</run_address>
         <size>0x3c</size>
         <input_file_ref idref="fl-2"/>
      </object_component>
      <object_component id="oc-134">
         <name>.debug_frame</name>
         <load_address>0x3c</load_address>
         <run_address>0x3c</run_address>
         <size>0x3c</size>
         <input_file_ref idref="fl-2"/>
      </object_component>
      <object_component id="oc-b8">
         <name>.debug_frame</name>
         <load_address>0x78</load_address>
         <run_address>0x78</run_address>
         <size>0x3c</size>
         <input_file_ref idref="fl-2"/>
      </object_component>
      <object_component id="oc-be">
         <name>.debug_frame</name>
         <load_address>0xb4</load_address>
         <run_address>0xb4</run_address>
         <size>0x64</size>
         <input_file_ref idref="fl-2"/>
      </object_component>
      <object_component id="oc-ad">
         <name>.debug_frame</name>
         <load_address>0x118</load_address>
         <run_address>0x118</run_address>
         <size>0x3c</size>
         <input_file_ref idref="fl-2"/>
      </object_component>
      <object_component id="oc-d6">
         <name>.debug_frame</name>
         <load_address>0x154</load_address>
         <run_address>0x154</run_address>
         <size>0x34</size>
         <input_file_ref idref="fl-25"/>
      </object_component>
      <object_component id="oc-172">
         <name>.debug_frame</name>
         <load_address>0x188</load_address>
         <run_address>0x188</run_address>
         <size>0x44</size>
         <input_file_ref idref="fl-26"/>
      </object_component>
      <object_component id="oc-c4">
         <name>.debug_frame</name>
         <load_address>0x1cc</load_address>
         <run_address>0x1cc</run_address>
         <size>0x3c</size>
         <input_file_ref idref="fl-27"/>
      </object_component>
      <object_component id="oc-12a">
         <name>.debug_frame</name>
         <load_address>0x208</load_address>
         <run_address>0x208</run_address>
         <size>0x3c</size>
         <input_file_ref idref="fl-2a"/>
      </object_component>
      <object_component id="oc-1b4">
         <name>.debug_frame</name>
         <load_address>0x244</load_address>
         <run_address>0x244</run_address>
         <size>0x3c</size>
         <input_file_ref idref="fl-2b"/>
      </object_component>
      <object_component id="oc-164">
         <name>.debug_frame</name>
         <load_address>0x280</load_address>
         <run_address>0x280</run_address>
         <size>0x3c</size>
         <input_file_ref idref="fl-2e"/>
      </object_component>
      <object_component id="oc-154">
         <name>.debug_abbrev</name>
         <load_address>0x0</load_address>
         <run_address>0x0</run_address>
         <size>0x5f</size>
         <input_file_ref idref="fl-2"/>
      </object_component>
      <object_component id="oc-1a0">
         <name>.debug_abbrev</name>
         <load_address>0x5f</load_address>
         <run_address>0x5f</run_address>
         <size>0x5e</size>
         <input_file_ref idref="fl-2"/>
      </object_component>
      <object_component id="oc-160">
         <name>.debug_abbrev</name>
         <load_address>0xbd</load_address>
         <run_address>0xbd</run_address>
         <size>0x54</size>
         <input_file_ref idref="fl-2"/>
      </object_component>
      <object_component id="oc-11a">
         <name>.debug_abbrev</name>
         <load_address>0x111</load_address>
         <run_address>0x111</run_address>
         <size>0x53</size>
         <input_file_ref idref="fl-2"/>
      </object_component>
      <object_component id="oc-120">
         <name>.debug_abbrev</name>
         <load_address>0x164</load_address>
         <run_address>0x164</run_address>
         <size>0x61</size>
         <input_file_ref idref="fl-2"/>
      </object_component>
      <object_component id="oc-117">
         <name>.debug_abbrev</name>
         <load_address>0x1c5</load_address>
         <run_address>0x1c5</run_address>
         <size>0x53</size>
         <input_file_ref idref="fl-2"/>
      </object_component>
      <object_component id="oc-98">
         <name>.debug_abbrev</name>
         <load_address>0x218</load_address>
         <run_address>0x218</run_address>
         <size>0x1f</size>
         <input_file_ref idref="fl-2"/>
      </object_component>
      <object_component id="oc-118">
         <name>.debug_abbrev</name>
         <load_address>0x237</load_address>
         <run_address>0x237</run_address>
         <size>0x28</size>
         <input_file_ref idref="fl-22"/>
      </object_component>
      <object_component id="oc-156">
         <name>.debug_abbrev</name>
         <load_address>0x25f</load_address>
         <run_address>0x25f</run_address>
         <size>0x3c</size>
         <input_file_ref idref="fl-24"/>
      </object_component>
      <object_component id="oc-fb">
         <name>.debug_abbrev</name>
         <load_address>0x29b</load_address>
         <run_address>0x29b</run_address>
         <size>0x29</size>
         <input_file_ref idref="fl-25"/>
      </object_component>
      <object_component id="oc-138">
         <name>.debug_abbrev</name>
         <load_address>0x2c4</load_address>
         <run_address>0x2c4</run_address>
         <size>0x58</size>
         <input_file_ref idref="fl-25"/>
      </object_component>
      <object_component id="oc-1e9">
         <name>.debug_abbrev</name>
         <load_address>0x31c</load_address>
         <run_address>0x31c</run_address>
         <size>0xc0</size>
         <input_file_ref idref="fl-26"/>
      </object_component>
      <object_component id="oc-1b9">
         <name>.debug_abbrev</name>
         <load_address>0x3dc</load_address>
         <run_address>0x3dc</run_address>
         <size>0x7e</size>
         <input_file_ref idref="fl-26"/>
      </object_component>
      <object_component id="oc-1ed">
         <name>.debug_abbrev</name>
         <load_address>0x45a</load_address>
         <run_address>0x45a</run_address>
         <size>0x24</size>
         <input_file_ref idref="fl-26"/>
      </object_component>
      <object_component id="oc-1f9">
         <name>.debug_abbrev</name>
         <load_address>0x47e</load_address>
         <run_address>0x47e</run_address>
         <size>0x24</size>
         <input_file_ref idref="fl-26"/>
      </object_component>
      <object_component id="oc-1c7">
         <name>.debug_abbrev</name>
         <load_address>0x4a2</load_address>
         <run_address>0x4a2</run_address>
         <size>0x24</size>
         <input_file_ref idref="fl-26"/>
      </object_component>
      <object_component id="oc-1f2">
         <name>.debug_abbrev</name>
         <load_address>0x4c6</load_address>
         <run_address>0x4c6</run_address>
         <size>0x4b</size>
         <input_file_ref idref="fl-26"/>
      </object_component>
      <object_component id="oc-157">
         <name>.debug_abbrev</name>
         <load_address>0x511</load_address>
         <run_address>0x511</run_address>
         <size>0x37</size>
         <input_file_ref idref="fl-27"/>
      </object_component>
      <object_component id="oc-121">
         <name>.debug_abbrev</name>
         <load_address>0x548</load_address>
         <run_address>0x548</run_address>
         <size>0x6f</size>
         <input_file_ref idref="fl-27"/>
      </object_component>
      <object_component id="oc-124">
         <name>.debug_abbrev</name>
         <load_address>0x5b7</load_address>
         <run_address>0x5b7</run_address>
         <size>0x24</size>
         <input_file_ref idref="fl-27"/>
      </object_component>
      <object_component id="oc-10a">
         <name>.debug_abbrev</name>
         <load_address>0x5db</load_address>
         <run_address>0x5db</run_address>
         <size>0x24</size>
         <input_file_ref idref="fl-27"/>
      </object_component>
      <object_component id="oc-159">
         <name>.debug_abbrev</name>
         <load_address>0x5ff</load_address>
         <run_address>0x5ff</run_address>
         <size>0x55</size>
         <input_file_ref idref="fl-2a"/>
      </object_component>
      <object_component id="oc-1e8">
         <name>.debug_abbrev</name>
         <load_address>0x654</load_address>
         <run_address>0x654</run_address>
         <size>0x53</size>
         <input_file_ref idref="fl-2b"/>
      </object_component>
      <object_component id="oc-1a1">
         <name>.debug_abbrev</name>
         <load_address>0x6a7</load_address>
         <run_address>0x6a7</run_address>
         <size>0x45</size>
         <input_file_ref idref="fl-2e"/>
      </object_component>
      <object_component id="oc-ff">
         <name>.debug_abbrev</name>
         <load_address>0x6ec</load_address>
         <run_address>0x6ec</run_address>
         <size>0x3a</size>
         <input_file_ref idref="fl-32"/>
      </object_component>
      <object_component id="oc-24b">
         <name>.debug_abbrev</name>
         <load_address>0x726</load_address>
         <run_address>0x726</run_address>
         <size>0xf</size>
      </object_component>
      <object_component id="oc-9a">
         <name>.debug_str</name>
         <load_address>0x0</load_address>
         <run_address>0x0</run_address>
         <size>0xfd</size>
         <input_file_ref idref="fl-2"/>
      </object_component>
      <object_component id="oc-1ef">
         <name>.debug_str</name>
         <load_address>0xfd</load_address>
         <run_address>0xfd</run_address>
         <size>0xed</size>
         <input_file_ref idref="fl-26"/>
      </object_component>
      <object_component id="oc-1fb">
         <name>.debug_str</name>
         <load_address>0x1ea</load_address>
         <run_address>0x1ea</run_address>
         <size>0x14c</size>
         <input_file_ref idref="fl-26"/>
      </object_component>
      <object_component id="oc-1c9">
         <name>.debug_str</name>
         <load_address>0x336</load_address>
         <run_address>0x336</run_address>
         <size>0x147</size>
         <input_file_ref idref="fl-26"/>
      </object_component>
      <object_component id="oc-1f4">
         <name>.debug_str</name>
         <load_address>0x47d</load_address>
         <run_address>0x47d</run_address>
         <size>0x197</size>
         <input_file_ref idref="fl-26"/>
      </object_component>
      <object_component id="oc-126">
         <name>.debug_str</name>
         <load_address>0x614</load_address>
         <run_address>0x614</run_address>
         <size>0x105</size>
         <input_file_ref idref="fl-27"/>
      </object_component>
      <object_component id="oc-10c">
         <name>.debug_str</name>
         <load_address>0x719</load_address>
         <run_address>0x719</run_address>
         <size>0x140</size>
         <input_file_ref idref="fl-27"/>
      </object_component>
      <object_component id="oc-15f">
         <name>.debug_aranges</name>
         <load_address>0x0</load_address>
         <run_address>0x0</run_address>
         <size>0x20</size>
         <input_file_ref idref="fl-2"/>
      </object_component>
      <object_component id="oc-131">
         <name>.debug_aranges</name>
         <load_address>0x20</load_address>
         <run_address>0x20</run_address>
         <size>0x20</size>
         <input_file_ref idref="fl-2"/>
      </object_component>
      <object_component id="oc-b6">
         <name>.debug_aranges</name>
         <load_address>0x40</load_address>
         <run_address>0x40</run_address>
         <size>0x20</size>
         <input_file_ref idref="fl-2"/>
      </object_component>
      <object_component id="oc-bc">
         <name>.debug_aranges</name>
         <load_address>0x60</load_address>
         <run_address>0x60</run_address>
         <size>0x20</size>
         <input_file_ref idref="fl-2"/>
      </object_component>
      <object_component id="oc-aa">
         <name>.debug_aranges</name>
         <load_address>0x80</load_address>
         <run_address>0x80</run_address>
         <size>0x20</size>
         <input_file_ref idref="fl-2"/>
      </object_component>
      <object_component id="oc-b0">
         <name>.debug_aranges</name>
         <load_address>0xa0</load_address>
         <run_address>0xa0</run_address>
         <size>0x20</size>
         <input_file_ref idref="fl-22"/>
      </object_component>
      <object_component id="oc-11f">
         <name>.debug_aranges</name>
         <load_address>0xc0</load_address>
         <run_address>0xc0</run_address>
         <size>0x20</size>
         <input_file_ref idref="fl-24"/>
      </object_component>
      <object_component id="oc-d4">
         <name>.debug_aranges</name>
         <load_address>0xe0</load_address>
         <run_address>0xe0</run_address>
         <size>0x20</size>
         <input_file_ref idref="fl-25"/>
      </object_component>
      <object_component id="oc-170">
         <name>.debug_aranges</name>
         <load_address>0x100</load_address>
         <run_address>0x100</run_address>
         <size>0x20</size>
         <input_file_ref idref="fl-26"/>
      </object_component>
      <object_component id="oc-c1">
         <name>.debug_aranges</name>
         <load_address>0x120</load_address>
         <run_address>0x120</run_address>
         <size>0x20</size>
         <input_file_ref idref="fl-27"/>
      </object_component>
      <object_component id="oc-12c">
         <name>.debug_aranges</name>
         <load_address>0x140</load_address>
         <run_address>0x140</run_address>
         <size>0x20</size>
         <input_file_ref idref="fl-2a"/>
      </object_component>
      <object_component id="oc-1b5">
         <name>.debug_aranges</name>
         <load_address>0x160</load_address>
         <run_address>0x160</run_address>
         <size>0x20</size>
         <input_file_ref idref="fl-2b"/>
      </object_component>
      <object_component id="oc-162">
         <name>.debug_aranges</name>
         <load_address>0x180</load_address>
         <run_address>0x180</run_address>
         <size>0x20</size>
         <input_file_ref idref="fl-2e"/>
      </object_component>
      <object_component id="oc-8d">
         <name>.debug_aranges</name>
         <load_address>0x1a0</load_address>
         <run_address>0x1a0</run_address>
         <size>0x20</size>
         <input_file_ref idref="fl-32"/>
      </object_component>
      <object_component id="oc-116">
         <name>.debug_pubnames</name>
         <load_address>0x0</load_address>
         <run_address>0x0</run_address>
         <size>0x41</size>
         <input_file_ref idref="fl-2"/>
      </object_component>
      <object_component id="oc-15e">
         <name>.debug_pubnames</name>
         <load_address>0x41</load_address>
         <run_address>0x41</run_address>
         <size>0x22</size>
         <input_file_ref idref="fl-2"/>
      </object_component>
      <object_component id="oc-132">
         <name>.debug_pubnames</name>
         <load_address>0x63</load_address>
         <run_address>0x63</run_address>
         <size>0x1b</size>
         <input_file_ref idref="fl-2"/>
      </object_component>
      <object_component id="oc-b5">
         <name>.debug_pubnames</name>
         <load_address>0x7e</load_address>
         <run_address>0x7e</run_address>
         <size>0x27</size>
         <input_file_ref idref="fl-2"/>
      </object_component>
      <object_component id="oc-bb">
         <name>.debug_pubnames</name>
         <load_address>0xa5</load_address>
         <run_address>0xa5</run_address>
         <size>0x27</size>
         <input_file_ref idref="fl-2"/>
      </object_component>
      <object_component id="oc-ab">
         <name>.debug_pubnames</name>
         <load_address>0xcc</load_address>
         <run_address>0xcc</run_address>
         <size>0x23</size>
         <input_file_ref idref="fl-2"/>
      </object_component>
      <object_component id="oc-b1">
         <name>.debug_pubnames</name>
         <load_address>0xef</load_address>
         <run_address>0xef</run_address>
         <size>0x2b</size>
         <input_file_ref idref="fl-22"/>
      </object_component>
      <object_component id="oc-11e">
         <name>.debug_pubnames</name>
         <load_address>0x11a</load_address>
         <run_address>0x11a</run_address>
         <size>0x24</size>
         <input_file_ref idref="fl-24"/>
      </object_component>
      <object_component id="oc-7f">
         <name>.debug_pubnames</name>
         <load_address>0x13e</load_address>
         <run_address>0x13e</run_address>
         <size>0x1d</size>
         <input_file_ref idref="fl-25"/>
      </object_component>
      <object_component id="oc-d5">
         <name>.debug_pubnames</name>
         <load_address>0x15b</load_address>
         <run_address>0x15b</run_address>
         <size>0x26</size>
         <input_file_ref idref="fl-25"/>
      </object_component>
      <object_component id="oc-16f">
         <name>.debug_pubnames</name>
         <load_address>0x181</load_address>
         <run_address>0x181</run_address>
         <size>0x35</size>
         <input_file_ref idref="fl-26"/>
      </object_component>
      <object_component id="oc-c2">
         <name>.debug_pubnames</name>
         <load_address>0x1b6</load_address>
         <run_address>0x1b6</run_address>
         <size>0x2e</size>
         <input_file_ref idref="fl-27"/>
      </object_component>
      <object_component id="oc-12e">
         <name>.debug_pubnames</name>
         <load_address>0x1e4</load_address>
         <run_address>0x1e4</run_address>
         <size>0x27</size>
         <input_file_ref idref="fl-2a"/>
      </object_component>
      <object_component id="oc-1b7">
         <name>.debug_pubnames</name>
         <load_address>0x20b</load_address>
         <run_address>0x20b</run_address>
         <size>0x29</size>
         <input_file_ref idref="fl-2b"/>
      </object_component>
      <object_component id="oc-166">
         <name>.debug_pubnames</name>
         <load_address>0x234</load_address>
         <run_address>0x234</run_address>
         <size>0x1c</size>
         <input_file_ref idref="fl-2e"/>
      </object_component>
      <object_component id="oc-8f">
         <name>.debug_pubnames</name>
         <load_address>0x250</load_address>
         <run_address>0x250</run_address>
         <size>0x2b</size>
         <input_file_ref idref="fl-32"/>
      </object_component>
      <object_component id="oc-97">
         <name>.debug_pubtypes</name>
         <load_address>0x0</load_address>
         <run_address>0x0</run_address>
         <size>0xed</size>
         <input_file_ref idref="fl-2"/>
      </object_component>
      <object_component id="oc-1ec">
         <name>.debug_pubtypes</name>
         <load_address>0xed</load_address>
         <run_address>0xed</run_address>
         <size>0x32</size>
         <input_file_ref idref="fl-26"/>
      </object_component>
      <object_component id="oc-1f8">
         <name>.debug_pubtypes</name>
         <load_address>0x11f</load_address>
         <run_address>0x11f</run_address>
         <size>0x21</size>
         <input_file_ref idref="fl-26"/>
      </object_component>
      <object_component id="oc-1c6">
         <name>.debug_pubtypes</name>
         <load_address>0x140</load_address>
         <run_address>0x140</run_address>
         <size>0x1f</size>
         <input_file_ref idref="fl-26"/>
      </object_component>
      <object_component id="oc-1f1">
         <name>.debug_pubtypes</name>
         <load_address>0x15f</load_address>
         <run_address>0x15f</run_address>
         <size>0x50</size>
         <input_file_ref idref="fl-26"/>
      </object_component>
      <object_component id="oc-123">
         <name>.debug_pubtypes</name>
         <load_address>0x1af</load_address>
         <run_address>0x1af</run_address>
         <size>0x48</size>
         <input_file_ref idref="fl-27"/>
      </object_component>
      <object_component id="oc-109">
         <name>.debug_pubtypes</name>
         <load_address>0x1f7</load_address>
         <run_address>0x1f7</run_address>
         <size>0x1d</size>
         <input_file_ref idref="fl-27"/>
      </object_component>
   </object_component_list>
   <logical_group_list>
      <logical_group id="lg-2" display="no" color="cyan">
         <name>.bss</name>
         <run_address>0x200</run_address>
         <size>0x3</size>
         <contents>
            <object_component_ref idref="oc-114"/>
            <object_component_ref idref="oc-119"/>
         </contents>
      </logical_group>
      <logical_group id="lg-3" display="no" color="cyan">
         <name>.data</name>
         <run_address>0x0</run_address>
         <size>0x0</size>
         <contents>
         </contents>
      </logical_group>
      <logical_group id="lg-4" display="no" color="cyan">
         <name>.TI.noinit</name>
         <run_address>0x0</run_address>
         <size>0x0</size>
         <contents>
         </contents>
      </logical_group>
      <logical_group id="lg-5" display="no" color="cyan">
         <name>.sysmem</name>
         <run_address>0x0</run_address>
         <size>0x0</size>
         <contents>
         </contents>
      </logical_group>
      <logical_group id="lg-6" display="no" color="cyan">
         <name>.stack</name>
         <run_address>0x24c</run_address>
         <size>0x34</size>
         <contents>
            <object_component_ref idref="oc-7d"/>
            <object_component_ref idref="oc-249"/>
         </contents>
      </logical_group>
      <logical_group id="lg-7" display="no" color="cyan">
         <name>.text</name>
         <load_address>0xf800</load_address>
         <run_address>0xf800</run_address>
         <size>0x1aa</size>
         <contents>
            <object_component_ref idref="oc-12f"/>
            <object_component_ref idref="oc-16d"/>
            <object_component_ref idref="oc-b9"/>
            <object_component_ref idref="oc-15a"/>
            <object_component_ref idref="oc-a8"/>
            <object_component_ref idref="oc-d1"/>
            <object_component_ref idref="oc-b3"/>
            <object_component_ref idref="oc-bf"/>
            <object_component_ref idref="oc-11b"/>
            <object_component_ref idref="oc-8b"/>
            <object_component_ref idref="oc-ae"/>
            <object_component_ref idref="oc-161"/>
            <object_component_ref idref="oc-129"/>
            <object_component_ref idref="oc-1b3"/>
         </contents>
      </logical_group>
      <logical_group id="lg-8" display="no" color="cyan">
         <name>.cinit</name>
         <load_address>0xf9aa</load_address>
         <run_address>0xf9aa</run_address>
         <size>0xa</size>
         <contents>
            <object_component_ref idref="oc-248"/>
            <object_component_ref idref="oc-246"/>
            <object_component_ref idref="oc-247"/>
         </contents>
      </logical_group>
      <logical_group id="lg-9" display="no" color="cyan">
         <name>.const</name>
         <run_address>0x0</run_address>
         <size>0x0</size>
         <contents>
         </contents>
      </logical_group>
      <logical_group id="lg-a" display="no" color="cyan">
         <name>.cio</name>
         <run_address>0x0</run_address>
         <size>0x0</size>
         <contents>
         </contents>
      </logical_group>
      <logical_group id="lg-b" display="no" color="cyan">
         <name>.pinit</name>
         <run_address>0x0</run_address>
         <size>0x0</size>
         <contents>
         </contents>
      </logical_group>
      <logical_group id="lg-c" display="no" color="cyan">
         <name>.binit</name>
         <load_address>0xf800</load_address>
         <run_address>0xf800</run_address>
         <size>0x0</size>
         <contents>
            <object_component_ref idref="oc-209"/>
         </contents>
      </logical_group>
      <logical_group id="lg-d" display="no" color="cyan">
         <name>.init_array</name>
         <run_address>0x0</run_address>
         <size>0x0</size>
         <contents>
         </contents>
      </logical_group>
      <logical_group id="lg-e" display="no" color="cyan">
         <name>.mspabi.exidx</name>
         <run_address>0x0</run_address>
         <size>0x0</size>
         <contents>
         </contents>
      </logical_group>
      <logical_group id="lg-f" display="no" color="cyan">
         <name>.mspabi.extab</name>
         <run_address>0x0</run_address>
         <size>0x0</size>
         <contents>
         </contents>
      </logical_group>
      <logical_group id="lg-10" display="no" color="cyan">
         <name>.TI.ramfunc</name>
         <run_address>0x0</run_address>
         <size>0x0</size>
         <contents>
         </contents>
      </logical_group>
      <logical_group id="lg-11" display="no" color="cyan">
         <name>.infoA</name>
         <run_address>0x0</run_address>
         <size>0x0</size>
         <contents>
         </contents>
      </logical_group>
      <logical_group id="lg-12" display="no" color="cyan">
         <name>.infoB</name>
         <run_address>0x0</run_address>
         <size>0x0</size>
         <contents>
         </contents>
      </logical_group>
      <logical_group id="lg-13" display="no" color="cyan">
         <name>.infoC</name>
         <run_address>0x0</run_address>
         <size>0x0</size>
         <contents>
         </contents>
      </logical_group>
      <logical_group id="lg-14" display="no" color="cyan">
         <name>.infoD</name>
         <run_address>0x0</run_address>
         <size>0x0</size>
         <contents>
         </contents>
      </logical_group>
      <logical_group id="lg-15" display="no" color="cyan">
         <name>.int00</name>
         <run_address>0x0</run_address>
         <size>0x0</size>
         <contents>
         </contents>
      </logical_group>
      <logical_group id="lg-16" display="no" color="cyan">
         <name>.int01</name>
         <run_address>0x0</run_address>
         <size>0x0</size>
         <contents>
         </contents>
      </logical_group>
      <logical_group id="lg-17" display="no" color="cyan">
         <name>PORT1</name>
         <load_address>0xffe4</load_address>
         <run_address>0xffe4</run_address>
         <size>0x2</size>
         <contents>
            <object_component_ref idref="oc-3a"/>
         </contents>
      </logical_group>
      <logical_group id="lg-19" display="no" color="cyan">
         <name>PORT2</name>
         <load_address>0xffe6</load_address>
         <run_address>0xffe6</run_address>
         <size>0x2</size>
         <contents>
            <object_component_ref idref="oc-3b"/>
         </contents>
      </logical_group>
      <logical_group id="lg-1b" display="no" color="cyan">
         <name>USI</name>
         <load_address>0xffe8</load_address>
         <run_address>0xffe8</run_address>
         <size>0x2</size>
         <contents>
            <object_component_ref idref="oc-3c"/>
         </contents>
      </logical_group>
      <logical_group id="lg-1d" display="no" color="cyan">
         <name>ADC10</name>
         <load_address>0xffea</load_address>
         <run_address>0xffea</run_address>
         <size>0x2</size>
         <contents>
            <object_component_ref idref="oc-3d"/>
         </contents>
      </logical_group>
      <logical_group id="lg-1f" display="no" color="cyan">
         <name>.int06</name>
         <run_address>0x0</run_address>
         <size>0x0</size>
         <contents>
         </contents>
      </logical_group>
      <logical_group id="lg-20" display="no" color="cyan">
         <name>.int07</name>
         <run_address>0x0</run_address>
         <size>0x0</size>
         <contents>
         </contents>
      </logical_group>
      <logical_group id="lg-21" display="no" color="cyan">
         <name>TIMERA1</name>
         <load_address>0xfff0</load_address>
         <run_address>0xfff0</run_address>
         <size>0x2</size>
         <contents>
            <object_component_ref idref="oc-3e"/>
         </contents>
      </logical_group>
      <logical_group id="lg-23" display="no" color="cyan">
         <name>TIMERA0</name>
         <load_address>0xfff2</load_address>
         <run_address>0xfff2</run_address>
         <size>0x2</size>
         <contents>
            <object_component_ref idref="oc-3f"/>
         </contents>
      </logical_group>
      <logical_group id="lg-25" display="no" color="cyan">
         <name>WDT</name>
         <load_address>0xfff4</load_address>
         <run_address>0xfff4</run_address>
         <size>0x2</size>
         <contents>
            <object_component_ref idref="oc-40"/>
         </contents>
      </logical_group>
      <logical_group id="lg-27" display="no" color="cyan">
         <name>.int11</name>
         <run_address>0x0</run_address>
         <size>0x0</size>
         <contents>
         </contents>
      </logical_group>
      <logical_group id="lg-28" display="no" color="cyan">
         <name>.int12</name>
         <run_address>0x0</run_address>
         <size>0x0</size>
         <contents>
         </contents>
      </logical_group>
      <logical_group id="lg-29" display="no" color="cyan">
         <name>.int13</name>
         <run_address>0x0</run_address>
         <size>0x0</size>
         <contents>
         </contents>
      </logical_group>
      <logical_group id="lg-2a" display="no" color="cyan">
         <name>NMI</name>
         <load_address>0xfffc</load_address>
         <run_address>0xfffc</run_address>
         <size>0x2</size>
         <contents>
            <object_component_ref idref="oc-41"/>
         </contents>
      </logical_group>
      <logical_group id="lg-2c" display="no" color="cyan">
         <name>.reset</name>
         <load_address>0xfffe</load_address>
         <run_address>0xfffe</run_address>
         <size>0x2</size>
         <contents>
            <object_component_ref idref="oc-80"/>
         </contents>
      </logical_group>
      <logical_group id="lg-208" display="no" color="cyan">
         <name>.TI.persistent</name>
         <run_address>0x0</run_address>
         <size>0x0</size>
         <contents>
         </contents>
      </logical_group>
      <logical_group id="lg-22e" display="never" color="cyan">
         <name>.debug_info</name>
         <load_address>0x0</load_address>
         <run_address>0x0</run_address>
         <size>0x1e4f</size>
         <contents>
            <object_component_ref idref="oc-115"/>
            <object_component_ref idref="oc-15d"/>
            <object_component_ref idref="oc-130"/>
            <object_component_ref idref="oc-b4"/>
            <object_component_ref idref="oc-ba"/>
            <object_component_ref idref="oc-a9"/>
            <object_component_ref idref="oc-96"/>
            <object_component_ref idref="oc-af"/>
            <object_component_ref idref="oc-11d"/>
            <object_component_ref idref="oc-7e"/>
            <object_component_ref idref="oc-d3"/>
            <object_component_ref idref="oc-1ba"/>
            <object_component_ref idref="oc-16e"/>
            <object_component_ref idref="oc-1eb"/>
            <object_component_ref idref="oc-1f7"/>
            <object_component_ref idref="oc-1c5"/>
            <object_component_ref idref="oc-1f0"/>
            <object_component_ref idref="oc-127"/>
            <object_component_ref idref="oc-c0"/>
            <object_component_ref idref="oc-122"/>
            <object_component_ref idref="oc-108"/>
            <object_component_ref idref="oc-12d"/>
            <object_component_ref idref="oc-1b6"/>
            <object_component_ref idref="oc-165"/>
            <object_component_ref idref="oc-8e"/>
            <object_component_ref idref="oc-24a"/>
         </contents>
      </logical_group>
      <logical_group id="lg-230" display="never" color="cyan">
         <name>.debug_line</name>
         <load_address>0x0</load_address>
         <run_address>0x0</run_address>
         <size>0x831</size>
         <contents>
            <object_component_ref idref="oc-155"/>
            <object_component_ref idref="oc-15c"/>
            <object_component_ref idref="oc-133"/>
            <object_component_ref idref="oc-b7"/>
            <object_component_ref idref="oc-bd"/>
            <object_component_ref idref="oc-ac"/>
            <object_component_ref idref="oc-99"/>
            <object_component_ref idref="oc-b2"/>
            <object_component_ref idref="oc-11c"/>
            <object_component_ref idref="oc-fc"/>
            <object_component_ref idref="oc-d2"/>
            <object_component_ref idref="oc-1ea"/>
            <object_component_ref idref="oc-171"/>
            <object_component_ref idref="oc-1ee"/>
            <object_component_ref idref="oc-1fa"/>
            <object_component_ref idref="oc-1c8"/>
            <object_component_ref idref="oc-1f3"/>
            <object_component_ref idref="oc-158"/>
            <object_component_ref idref="oc-c3"/>
            <object_component_ref idref="oc-125"/>
            <object_component_ref idref="oc-10b"/>
            <object_component_ref idref="oc-12b"/>
            <object_component_ref idref="oc-1b8"/>
            <object_component_ref idref="oc-163"/>
            <object_component_ref idref="oc-8c"/>
         </contents>
      </logical_group>
      <logical_group id="lg-232" display="never" color="cyan">
         <name>.debug_frame</name>
         <load_address>0x0</load_address>
         <run_address>0x0</run_address>
         <size>0x2bc</size>
         <contents>
            <object_component_ref idref="oc-15b"/>
            <object_component_ref idref="oc-134"/>
            <object_component_ref idref="oc-b8"/>
            <object_component_ref idref="oc-be"/>
            <object_component_ref idref="oc-ad"/>
            <object_component_ref idref="oc-d6"/>
            <object_component_ref idref="oc-172"/>
            <object_component_ref idref="oc-c4"/>
            <object_component_ref idref="oc-12a"/>
            <object_component_ref idref="oc-1b4"/>
            <object_component_ref idref="oc-164"/>
         </contents>
      </logical_group>
      <logical_group id="lg-234" display="never" color="cyan">
         <name>.debug_abbrev</name>
         <load_address>0x0</load_address>
         <run_address>0x0</run_address>
         <size>0x735</size>
         <contents>
            <object_component_ref idref="oc-154"/>
            <object_component_ref idref="oc-1a0"/>
            <object_component_ref idref="oc-160"/>
            <object_component_ref idref="oc-11a"/>
            <object_component_ref idref="oc-120"/>
            <object_component_ref idref="oc-117"/>
            <object_component_ref idref="oc-98"/>
            <object_component_ref idref="oc-118"/>
            <object_component_ref idref="oc-156"/>
            <object_component_ref idref="oc-fb"/>
            <object_component_ref idref="oc-138"/>
            <object_component_ref idref="oc-1e9"/>
            <object_component_ref idref="oc-1b9"/>
            <object_component_ref idref="oc-1ed"/>
            <object_component_ref idref="oc-1f9"/>
            <object_component_ref idref="oc-1c7"/>
            <object_component_ref idref="oc-1f2"/>
            <object_component_ref idref="oc-157"/>
            <object_component_ref idref="oc-121"/>
            <object_component_ref idref="oc-124"/>
            <object_component_ref idref="oc-10a"/>
            <object_component_ref idref="oc-159"/>
            <object_component_ref idref="oc-1e8"/>
            <object_component_ref idref="oc-1a1"/>
            <object_component_ref idref="oc-ff"/>
            <object_component_ref idref="oc-24b"/>
         </contents>
      </logical_group>
      <logical_group id="lg-236" display="never" color="cyan">
         <name>.debug_str</name>
         <load_address>0x0</load_address>
         <run_address>0x0</run_address>
         <size>0x859</size>
         <contents>
            <object_component_ref idref="oc-9a"/>
            <object_component_ref idref="oc-1ef"/>
            <object_component_ref idref="oc-1fb"/>
            <object_component_ref idref="oc-1c9"/>
            <object_component_ref idref="oc-1f4"/>
            <object_component_ref idref="oc-126"/>
            <object_component_ref idref="oc-10c"/>
         </contents>
      </logical_group>
      <logical_group id="lg-238" display="never" color="cyan">
         <name>.debug_aranges</name>
         <load_address>0x0</load_address>
         <run_address>0x0</run_address>
         <size>0x1c0</size>
         <contents>
            <object_component_ref idref="oc-15f"/>
            <object_component_ref idref="oc-131"/>
            <object_component_ref idref="oc-b6"/>
            <object_component_ref idref="oc-bc"/>
            <object_component_ref idref="oc-aa"/>
            <object_component_ref idref="oc-b0"/>
            <object_component_ref idref="oc-11f"/>
            <object_component_ref idref="oc-d4"/>
            <object_component_ref idref="oc-170"/>
            <object_component_ref idref="oc-c1"/>
            <object_component_ref idref="oc-12c"/>
            <object_component_ref idref="oc-1b5"/>
            <object_component_ref idref="oc-162"/>
            <object_component_ref idref="oc-8d"/>
         </contents>
      </logical_group>
      <logical_group id="lg-23a" display="never" color="cyan">
         <name>.debug_pubnames</name>
         <load_address>0x0</load_address>
         <run_address>0x0</run_address>
         <size>0x27b</size>
         <contents>
            <object_component_ref idref="oc-116"/>
            <object_component_ref idref="oc-15e"/>
            <object_component_ref idref="oc-132"/>
            <object_component_ref idref="oc-b5"/>
            <object_component_ref idref="oc-bb"/>
            <object_component_ref idref="oc-ab"/>
            <object_component_ref idref="oc-b1"/>
            <object_component_ref idref="oc-11e"/>
            <object_component_ref idref="oc-7f"/>
            <object_component_ref idref="oc-d5"/>
            <object_component_ref idref="oc-16f"/>
            <object_component_ref idref="oc-c2"/>
            <object_component_ref idref="oc-12e"/>
            <object_component_ref idref="oc-1b7"/>
            <object_component_ref idref="oc-166"/>
            <object_component_ref idref="oc-8f"/>
         </contents>
      </logical_group>
      <logical_group id="lg-23c" display="never" color="cyan">
         <name>.debug_pubtypes</name>
         <load_address>0x0</load_address>
         <run_address>0x0</run_address>
         <size>0x214</size>
         <contents>
            <object_component_ref idref="oc-97"/>
            <object_component_ref idref="oc-1ec"/>
            <object_component_ref idref="oc-1f8"/>
            <object_component_ref idref="oc-1c6"/>
            <object_component_ref idref="oc-1f1"/>
            <object_component_ref idref="oc-123"/>
            <object_component_ref idref="oc-109"/>
         </contents>
      </logical_group>
      <load_segment id="lg-24c" display="no" color="cyan">
         <name>SEGMENT_0</name>
         <run_address>0x200</run_address>
         <size>0x3</size>
         <flags>0x6</flags>
         <contents>
            <logical_group_ref idref="lg-2"/>
         </contents>
      </load_segment>
      <load_segment id="lg-24d" display="no" color="cyan">
         <name>SEGMENT_1</name>
         <run_address>0x24c</run_address>
         <size>0x34</size>
         <flags>0x6</flags>
         <contents>
            <logical_group_ref idref="lg-6"/>
         </contents>
      </load_segment>
      <load_segment id="lg-24e" display="no" color="cyan">
         <name>SEGMENT_2</name>
         <load_address>0xf800</load_address>
         <run_address>0xf800</run_address>
         <size>0x1b4</size>
         <flags>0x5</flags>
         <contents>
            <logical_group_ref idref="lg-7"/>
            <logical_group_ref idref="lg-8"/>
         </contents>
      </load_segment>
      <load_segment id="lg-24f" display="no" color="cyan">
         <name>SEGMENT_3</name>
         <load_address>0xffe4</load_address>
         <run_address>0xffe4</run_address>
         <size>0x8</size>
         <flags>0x4</flags>
         <contents>
            <logical_group_ref idref="lg-17"/>
            <logical_group_ref idref="lg-19"/>
            <logical_group_ref idref="lg-1b"/>
            <logical_group_ref idref="lg-1d"/>
         </contents>
      </load_segment>
      <load_segment id="lg-250" display="no" color="cyan">
         <name>SEGMENT_4</name>
         <load_address>0xfff0</load_address>
         <run_address>0xfff0</run_address>
         <size>0x6</size>
         <flags>0x4</flags>
         <contents>
            <logical_group_ref idref="lg-21"/>
            <logical_group_ref idref="lg-23"/>
            <logical_group_ref idref="lg-25"/>
         </contents>
      </load_segment>
      <load_segment id="lg-251" display="no" color="cyan">
         <name>SEGMENT_5</name>
         <load_address>0xfffc</load_address>
         <run_address>0xfffc</run_address>
         <size>0x4</size>
         <flags>0x4</flags>
         <contents>
            <logical_group_ref idref="lg-2a"/>
            <logical_group_ref idref="lg-2c"/>
         </contents>
      </load_segment>
   </logical_group_list>
   <placement_map>
      <memory_area display="no" color="green">
         <name>SFR</name>
         <page_id>0x0</page_id>
         <origin>0x0</origin>
         <length>0x10</length>
         <used_space>0x0</used_space>
         <unused_space>0x10</unused_space>
         <attributes>RWIX</attributes>
         <usage_details>
         </usage_details>
      </memory_area>
      <memory_area display="yes" color="green">
         <name>PERIPHERALS_8BIT</name>
         <page_id>0x0</page_id>
         <origin>0x10</origin>
         <length>0xf0</length>
         <used_space>0x0</used_space>
         <unused_space>0xf0</unused_space>
         <attributes>RWIX</attributes>
         <usage_details>
         </usage_details>
      </memory_area>
      <memory_area display="yes" color="green">
         <name>PERIPHERALS_16BIT</name>
         <page_id>0x0</page_id>
         <origin>0x100</origin>
         <length>0x100</length>
         <used_space>0x0</used_space>
         <unused_space>0x100</unused_space>
         <attributes>RWIX</attributes>
         <usage_details>
         </usage_details>
      </memory_area>
      <memory_area display="yes" color="green">
         <name>RAM</name>
         <page_id>0x0</page_id>
         <origin>0x200</origin>
         <length>0x80</length>
         <used_space>0x37</used_space>
         <unused_space>0x49</unused_space>
         <attributes>RWIX</attributes>
         <usage_details>
            <allocated_space>
               <start_address>0x200</start_address>
               <size>0x3</size>
               <logical_group_ref idref="lg-2"/>
            </allocated_space>
            <available_space>
               <start_address>0x203</start_address>
               <size>0x49</size>
            </available_space>
            <allocated_space>
               <start_address>0x24c</start_address>
               <size>0x34</size>
               <logical_group_ref idref="lg-6"/>
            </allocated_space>
         </usage_details>
      </memory_area>
      <memory_area display="no" color="green">
         <name>INFOD</name>
         <page_id>0x0</page_id>
         <origin>0x1000</origin>
         <length>0x40</length>
         <used_space>0x0</used_space>
         <unused_space>0x40</unused_space>
         <attributes>RWIX</attributes>
         <usage_details>
         </usage_details>
      </memory_area>
      <memory_area display="no" color="green">
         <name>INFOC</name>
         <page_id>0x0</page_id>
         <origin>0x1040</origin>
         <length>0x40</length>
         <used_space>0x0</used_space>
         <unused_space>0x40</unused_space>
         <attributes>RWIX</attributes>
         <usage_details>
         </usage_details>
      </memory_area>
      <memory_area display="no" color="green">
         <name>INFOB</name>
         <page_id>0x0</page_id>
         <origin>0x1080</origin>
         <length>0x40</length>
         <used_space>0x0</used_space>
         <unused_space>0x40</unused_space>
         <attributes>RWIX</attributes>
         <usage_details>
         </usage_details>
      </memory_area>
      <memory_area display="no" color="green">
         <name>INFOA</name>
         <page_id>0x0</page_id>
         <origin>0x10c0</origin>
         <length>0x40</length>
         <used_space>0x0</used_space>
         <unused_space>0x40</unused_space>
         <attributes>RWIX</attributes>
         <usage_details>
         </usage_details>
      </memory_area>
      <memory_area display="yes" color="green">
         <name>FLASH</name>
         <page_id>0x0</page_id>
         <origin>0xf800</origin>
         <length>0x7e0</length>
         <used_space>0x1b4</used_space>
         <unused_space>0x62c</unused_space>
         <attributes>RWIX</attributes>
         <usage_details>
            <allocated_space>
               <start_address>0xf800</start_address>
               <size>0x0</size>
               <logical_group_ref idref="lg-c"/>
            </allocated_space>
            <allocated_space>
               <start_address>0xf800</start_address>
               <size>0x1aa</size>
               <logical_group_ref idref="lg-7"/>
            </allocated_space>
            <allocated_space>
               <start_address>0xf9aa</start_address>
               <size>0xa</size>
               <logical_group_ref idref="lg-8"/>
            </allocated_space>
            <available_space>
               <start_address>0xf9b4</start_address>
               <size>0x62c</size>
            </available_space>
         </usage_details>
      </memory_area>
      <memory_area display="no" color="green">
         <name>INT00</name>
         <page_id>0x0</page_id>
         <origin>0xffe0</origin>
         <length>0x2</length>
         <used_space>0x0</used_space>
         <unused_space>0x2</unused_space>
         <attributes>RWIX</attributes>
         <usage_details>
         </usage_details>
      </memory_area>
      <memory_area display="no" color="green">
         <name>INT01</name>
         <page_id>0x0</page_id>
         <origin>0xffe2</origin>
         <length>0x2</length>
         <used_space>0x0</used_space>
         <unused_space>0x2</unused_space>
         <attributes>RWIX</attributes>
         <usage_details>
         </usage_details>
      </memory_area>
      <memory_area display="no" color="green">
         <name>INT02</name>
         <page_id>0x0</page_id>
         <origin>0xffe4</origin>
         <length>0x2</length>
         <used_space>0x2</used_space>
         <unused_space>0x0</unused_space>
         <attributes>RWIX</attributes>
         <usage_details>
            <allocated_space>
               <start_address>0xffe4</start_address>
               <size>0x2</size>
               <logical_group_ref idref="lg-17"/>
            </allocated_space>
         </usage_details>
      </memory_area>
      <memory_area display="no" color="green">
         <name>INT03</name>
         <page_id>0x0</page_id>
         <origin>0xffe6</origin>
         <length>0x2</length>
         <used_space>0x2</used_space>
         <unused_space>0x0</unused_space>
         <attributes>RWIX</attributes>
         <usage_details>
            <allocated_space>
               <start_address>0xffe6</start_address>
               <size>0x2</size>
               <logical_group_ref idref="lg-19"/>
            </allocated_space>
         </usage_details>
      </memory_area>
      <memory_area display="no" color="green">
         <name>INT04</name>
         <page_id>0x0</page_id>
         <origin>0xffe8</origin>
         <length>0x2</length>
         <used_space>0x2</used_space>
         <unused_space>0x0</unused_space>
         <attributes>RWIX</attributes>
         <usage_details>
            <allocated_space>
               <start_address>0xffe8</start_address>
               <size>0x2</size>
               <logical_group_ref idref="lg-1b"/>
            </allocated_space>
         </usage_details>
      </memory_area>
      <memory_area display="no" color="green">
         <name>INT05</name>
         <page_id>0x0</page_id>
         <origin>0xffea</origin>
         <length>0x2</length>
         <used_space>0x2</used_space>
         <unused_space>0x0</unused_space>
         <attributes>RWIX</attributes>
         <usage_details>
            <allocated_space>
               <start_address>0xffea</start_address>
               <size>0x2</size>
               <logical_group_ref idref="lg-1d"/>
            </allocated_space>
         </usage_details>
      </memory_area>
      <memory_area display="no" color="green">
         <name>INT06</name>
         <page_id>0x0</page_id>
         <origin>0xffec</origin>
         <length>0x2</length>
         <used_space>0x0</used_space>
         <unused_space>0x2</unused_space>
         <attributes>RWIX</attributes>
         <usage_details>
         </usage_details>
      </memory_area>
      <memory_area display="no" color="green">
         <name>INT07</name>
         <page_id>0x0</page_id>
         <origin>0xffee</origin>
         <length>0x2</length>
         <used_space>0x0</used_space>
         <unused_space>0x2</unused_space>
         <attributes>RWIX</attributes>
         <usage_details>
         </usage_details>
      </memory_area>
      <memory_area display="no" color="green">
         <name>INT08</name>
         <page_id>0x0</page_id>
         <origin>0xfff0</origin>
         <length>0x2</length>
         <used_space>0x2</used_space>
         <unused_space>0x0</unused_space>
         <attributes>RWIX</attributes>
         <usage_details>
            <allocated_space>
               <start_address>0xfff0</start_address>
               <size>0x2</size>
               <logical_group_ref idref="lg-21"/>
            </allocated_space>
         </usage_details>
      </memory_area>
      <memory_area display="no" color="green">
         <name>INT09</name>
         <page_id>0x0</page_id>
         <origin>0xfff2</origin>
         <length>0x2</length>
         <used_space>0x2</used_space>
         <unused_space>0x0</unused_space>
         <attributes>RWIX</attributes>
         <usage_details>
            <allocated_space>
               <start_address>0xfff2</start_address>
               <size>0x2</size>
               <logical_group_ref idref="lg-23"/>
            </allocated_space>
         </usage_details>
      </memory_area>
      <memory_area display="no" color="green">
         <name>INT10</name>
         <page_id>0x0</page_id>
         <origin>0xfff4</origin>
         <length>0x2</length>
         <used_space>0x2</used_space>
         <unused_space>0x0</unused_space>
         <attributes>RWIX</attributes>
         <usage_details>
            <allocated_space>
               <start_address>0xfff4</start_address>
               <size>0x2</size>
               <logical_group_ref idref="lg-25"/>
            </allocated_space>
         </usage_details>
      </memory_area>
      <memory_area display="no" color="green">
         <name>INT11</name>
         <page_id>0x0</page_id>
         <origin>0xfff6</origin>
         <length>0x2</length>
         <used_space>0x0</used_space>
         <unused_space>0x2</unused_space>
         <attributes>RWIX</attributes>
         <usage_details>
         </usage_details>
      </memory_area>
      <memory_area display="no" color="green">
         <name>INT12</name>
         <page_id>0x0</page_id>
         <origin>0xfff8</origin>
         <length>0x2</length>
         <used_space>0x0</used_space>
         <unused_space>0x2</unused_space>
         <attributes>RWIX</attributes>
         <usage_details>
         </usage_details>
      </memory_area>
      <memory_area display="no" color="green">
         <name>INT13</name>
         <page_id>0x0</page_id>
         <origin>0xfffa</origin>
         <length>0x2</length>
         <used_space>0x0</used_space>
         <unused_space>0x2</unused_space>
         <attributes>RWIX</attributes>
         <usage_details>
         </usage_details>
      </memory_area>
      <memory_area display="no" color="green">
         <name>INT14</name>
         <page_id>0x0</page_id>
         <origin>0xfffc</origin>
         <length>0x2</length>
         <used_space>0x2</used_space>
         <unused_space>0x0</unused_space>
         <attributes>RWIX</attributes>
         <usage_details>
            <allocated_space>
               <start_address>0xfffc</start_address>
               <size>0x2</size>
               <logical_group_ref idref="lg-2a"/>
            </allocated_space>
         </usage_details>
      </memory_area>
      <memory_area display="no" color="green">
         <name>RESET</name>
         <page_id>0x0</page_id>
         <origin>0xfffe</origin>
         <length>0x2</length>
         <used_space>0x2</used_space>
         <unused_space>0x0</unused_space>
         <attributes>RWIX</attributes>
         <usage_details>
            <allocated_space>
               <start_address>0xfffe</start_address>
               <size>0x2</size>
               <logical_group_ref idref="lg-2c"/>
            </allocated_space>
         </usage_details>
      </memory_area>
   </placement_map>
   <cptbl_list>
      <cptbl>
         <name>__TI_cinit_table</name>
         <cprec>
            <name>.bss</name>
            <load_address>0xf9aa</load_address>
            <load_size>0x4</load_size>
            <run_address>0x200</run_address>
            <run_size>0x3</run_size>
            <compression>zero_init</compression>
         </cprec>
      </cptbl>
   </cptbl_list>
   <handler_table>
      <handler_table_name>__TI_handler_table</handler_table_name>
      <handler>
         <index>0x0</index>
         <name>__TI_zero_init</name>
      </handler>
   </handler_table>
   <symbol_table>
      <symbol id="sm-1">
         <name>IE1</name>
         <value>0x0</value>
      </symbol>
      <symbol id="sm-2">
         <name>IFG1</name>
         <value>0x2</value>
      </symbol>
      <symbol id="sm-3">
         <name>ADC10DTC0</name>
         <value>0x48</value>
      </symbol>
      <symbol id="sm-4">
         <name>ADC10DTC1</name>
         <value>0x49</value>
      </symbol>
      <symbol id="sm-5">
         <name>ADC10AE0</name>
         <value>0x4a</value>
      </symbol>
      <symbol id="sm-6">
         <name>ADC10CTL0</name>
         <value>0x1b0</value>
      </symbol>
      <symbol id="sm-7">
         <name>ADC10CTL1</name>
         <value>0x1b2</value>
      </symbol>
      <symbol id="sm-8">
         <name>ADC10MEM</name>
         <value>0x1b4</value>
      </symbol>
      <symbol id="sm-9">
         <name>ADC10SA</name>
         <value>0x1bc</value>
      </symbol>
      <symbol id="sm-a">
         <name>DCOCTL</name>
         <value>0x56</value>
      </symbol>
      <symbol id="sm-b">
         <name>BCSCTL1</name>
         <value>0x57</value>
      </symbol>
      <symbol id="sm-c">
         <name>BCSCTL2</name>
         <value>0x58</value>
      </symbol>
      <symbol id="sm-d">
         <name>BCSCTL3</name>
         <value>0x53</value>
      </symbol>
      <symbol id="sm-e">
         <name>FCTL1</name>
         <value>0x128</value>
      </symbol>
      <symbol id="sm-f">
         <name>FCTL2</name>
         <value>0x12a</value>
      </symbol>
      <symbol id="sm-10">
         <name>FCTL3</name>
         <value>0x12c</value>
      </symbol>
      <symbol id="sm-11">
         <name>P1IN</name>
         <value>0x20</value>
      </symbol>
      <symbol id="sm-12">
         <name>P1OUT</name>
         <value>0x21</value>
      </symbol>
      <symbol id="sm-13">
         <name>P1DIR</name>
         <value>0x22</value>
      </symbol>
      <symbol id="sm-14">
         <name>P1IFG</name>
         <value>0x23</value>
      </symbol>
      <symbol id="sm-15">
         <name>P1IES</name>
         <value>0x24</value>
      </symbol>
      <symbol id="sm-16">
         <name>P1IE</name>
         <value>0x25</value>
      </symbol>
      <symbol id="sm-17">
         <name>P1SEL</name>
         <value>0x26</value>
      </symbol>
      <symbol id="sm-18">
         <name>P1REN</name>
         <value>0x27</value>
      </symbol>
      <symbol id="sm-19">
         <name>P2IN</name>
         <value>0x28</value>
      </symbol>
      <symbol id="sm-1a">
         <name>P2OUT</name>
         <value>0x29</value>
      </symbol>
      <symbol id="sm-1b">
         <name>P2DIR</name>
         <value>0x2a</value>
      </symbol>
      <symbol id="sm-1c">
         <name>P2IFG</name>
         <value>0x2b</value>
      </symbol>
      <symbol id="sm-1d">
         <name>P2IES</name>
         <value>0x2c</value>
      </symbol>
      <symbol id="sm-1e">
         <name>P2IE</name>
         <value>0x2d</value>
      </symbol>
      <symbol id="sm-1f">
         <name>P2SEL</name>
         <value>0x2e</value>
      </symbol>
      <symbol id="sm-20">
         <name>P2REN</name>
         <value>0x2f</value>
      </symbol>
      <symbol id="sm-21">
         <name>TAIV</name>
         <value>0x12e</value>
      </symbol>
      <symbol id="sm-22">
         <name>TACTL</name>
         <value>0x160</value>
      </symbol>
      <symbol id="sm-23">
         <name>TACCTL0</name>
         <value>0x162</value>
      </symbol>
      <symbol id="sm-24">
         <name>TACCTL1</name>
         <value>0x164</value>
      </symbol>
      <symbol id="sm-25">
         <name>TAR</name>
         <value>0x170</value>
      </symbol>
      <symbol id="sm-26">
         <name>TACCR0</name>
         <value>0x172</value>
      </symbol>
      <symbol id="sm-27">
         <name>TACCR1</name>
         <value>0x174</value>
      </symbol>
      <symbol id="sm-28">
         <name>USICTL0</name>
         <value>0x78</value>
      </symbol>
      <symbol id="sm-29">
         <name>USICTL1</name>
         <value>0x79</value>
      </symbol>
      <symbol id="sm-2a">
         <name>USICKCTL</name>
         <value>0x7a</value>
      </symbol>
      <symbol id="sm-2b">
         <name>USICNT</name>
         <value>0x7b</value>
      </symbol>
      <symbol id="sm-2c">
         <name>USISRL</name>
         <value>0x7c</value>
      </symbol>
      <symbol id="sm-2d">
         <name>USISRH</name>
         <value>0x7d</value>
      </symbol>
      <symbol id="sm-2e">
         <name>USICTL</name>
         <value>0x78</value>
      </symbol>
      <symbol id="sm-2f">
         <name>USICCTL</name>
         <value>0x7a</value>
      </symbol>
      <symbol id="sm-30">
         <name>USISR</name>
         <value>0x7c</value>
      </symbol>
      <symbol id="sm-31">
         <name>WDTCTL</name>
         <value>0x120</value>
      </symbol>
      <symbol id="sm-32">
         <name>CALDCO_16MHZ</name>
         <value>0x10f8</value>
      </symbol>
      <symbol id="sm-33">
         <name>CALBC1_16MHZ</name>
         <value>0x10f9</value>
      </symbol>
      <symbol id="sm-34">
         <name>CALDCO_12MHZ</name>
         <value>0x10fa</value>
      </symbol>
      <symbol id="sm-35">
         <name>CALBC1_12MHZ</name>
         <value>0x10fb</value>
      </symbol>
      <symbol id="sm-36">
         <name>CALDCO_8MHZ</name>
         <value>0x10fc</value>
      </symbol>
      <symbol id="sm-37">
         <name>CALBC1_8MHZ</name>
         <value>0x10fd</value>
      </symbol>
      <symbol id="sm-38">
         <name>CALDCO_1MHZ</name>
         <value>0x10fe</value>
      </symbol>
      <symbol id="sm-39">
         <name>CALBC1_1MHZ</name>
         <value>0x10ff</value>
      </symbol>
      <symbol id="sm-3a">
         <name>__TI_CINIT_Base</name>
         <value>0xf9b0</value>
      </symbol>
      <symbol id="sm-3b">
         <name>__TI_CINIT_Limit</name>
         <value>0xf9b4</value>
      </symbol>
      <symbol id="sm-3c">
         <name>__TI_CINIT_Warm</name>
         <value>0xf9b4</value>
      </symbol>
      <symbol id="sm-3d">
         <name>__TI_Handler_Table_Base</name>
         <value>0xf9ae</value>
      </symbol>
      <symbol id="sm-3e">
         <name>__TI_Handler_Table_Limit</name>
         <value>0xf9b0</value>
      </symbol>
      <symbol id="sm-3f">
         <name>__STACK_SIZE</name>
         <value>0x34</value>
      </symbol>
      <symbol id="sm-40">
         <name>__STACK_END</name>
         <value>0x280</value>
      </symbol>
      <symbol id="sm-41">
         <name>__c_args__</name>
         <value>0xffffffff</value>
      </symbol>
      <symbol id="sm-42">
         <name>__TI_pprof_out_hndl</name>
         <value>0xffffffff</value>
      </symbol>
      <symbol id="sm-43">
         <name>__TI_prof_data_start</name>
         <value>0xffffffff</value>
      </symbol>
      <symbol id="sm-44">
         <name>__TI_prof_data_size</name>
         <value>0xffffffff</value>
      </symbol>
      <symbol id="sm-a5">
         <name>servo_status</name>
         <value>0x202</value>
      </symbol>
      <symbol id="sm-a6">
         <name>temp</name>
         <value>0x200</value>
      </symbol>
      <symbol id="sm-a7">
         <name>initTimer_A</name>
         <value>0xf8d0</value>
         <object_component_ref idref="oc-15a"/>
      </symbol>
      <symbol id="sm-a8">
         <name>Timer_A_CCR0_ISR</name>
         <value>0xf89c</value>
         <object_component_ref idref="oc-b9"/>
      </symbol>
      <symbol id="sm-a9">
         <name>__TI_int08</name>
         <value>0xfff0</value>
         <object_component_ref idref="oc-3e"/>
      </symbol>
      <symbol id="sm-aa">
         <name>__TI_int09</name>
         <value>0xfff2</value>
         <object_component_ref idref="oc-3f"/>
      </symbol>
      <symbol id="sm-ab">
         <name>__TI_int02</name>
         <value>0xffe4</value>
         <object_component_ref idref="oc-3a"/>
      </symbol>
      <symbol id="sm-ac">
         <name>main</name>
         <value>0xf800</value>
         <object_component_ref idref="oc-12f"/>
      </symbol>
      <symbol id="sm-ad">
         <name>Servo_change</name>
         <value>0xf902</value>
         <object_component_ref idref="oc-a8"/>
      </symbol>
      <symbol id="sm-ae">
         <name>Timer_A_CCR1_ISR</name>
         <value>0xf944</value>
         <object_component_ref idref="oc-b3"/>
      </symbol>
      <symbol id="sm-b1">
         <name>__TI_int03</name>
         <value>0xffe6</value>
         <object_component_ref idref="oc-3b"/>
      </symbol>
      <symbol id="sm-b4">
         <name>__TI_int04</name>
         <value>0xffe8</value>
         <object_component_ref idref="oc-3c"/>
      </symbol>
      <symbol id="sm-b7">
         <name>__TI_int05</name>
         <value>0xffea</value>
         <object_component_ref idref="oc-3d"/>
      </symbol>
      <symbol id="sm-ba">
         <name>__TI_int10</name>
         <value>0xfff4</value>
         <object_component_ref idref="oc-40"/>
      </symbol>
      <symbol id="sm-bd">
         <name>__TI_int14</name>
         <value>0xfffc</value>
         <object_component_ref idref="oc-41"/>
      </symbol>
      <symbol id="sm-c5">
         <name>__TI_ISR_TRAP</name>
         <value>0xf996</value>
         <object_component_ref idref="oc-ae"/>
      </symbol>
      <symbol id="sm-d0">
         <name>__mspabi_mpyi_sw</name>
         <value>0xf972</value>
         <object_component_ref idref="oc-11b"/>
      </symbol>
      <symbol id="sm-d1">
         <name>__mspabi_mpyi</name>
         <value>0xf972</value>
         <object_component_ref idref="oc-11b"/>
      </symbol>
      <symbol id="sm-e1">
         <name>_stack</name>
         <value>0x24c</value>
         <object_component_ref idref="oc-7d"/>
      </symbol>
      <symbol id="sm-e2">
         <name>_c_int00_noargs</name>
         <value>0xf928</value>
         <object_component_ref idref="oc-d1"/>
      </symbol>
      <symbol id="sm-e3">
         <name>_reset_vector</name>
         <value>0xfffe</value>
         <object_component_ref idref="oc-80"/>
      </symbol>
      <symbol id="sm-105">
         <name>__TI_auto_init_nobinit_nopinit</name>
         <value>0xf85a</value>
         <object_component_ref idref="oc-16d"/>
      </symbol>
      <symbol id="sm-11d">
         <name>__TI_zero_init_nomemset</name>
         <value>0xf95e</value>
         <object_component_ref idref="oc-bf"/>
      </symbol>
      <symbol id="sm-128">
         <name>_system_pre_init</name>
         <value>0xf9a4</value>
         <object_component_ref idref="oc-129"/>
      </symbol>
      <symbol id="sm-131">
         <name>_system_post_cinit</name>
         <value>0xf9a8</value>
         <object_component_ref idref="oc-1b3"/>
      </symbol>
      <symbol id="sm-13d">
         <name>C$$EXIT</name>
         <value>0xf99e</value>
         <object_component_ref idref="oc-161"/>
      </symbol>
      <symbol id="sm-13e">
         <name>abort</name>
         <value>0xf99e</value>
         <object_component_ref idref="oc-161"/>
      </symbol>
      <symbol id="sm-14a">
         <name>__mspabi_func_epilog_2</name>
         <value>0xf990</value>
         <object_component_ref idref="oc-8b"/>
      </symbol>
      <symbol id="sm-14b">
         <name>__mspabi_func_epilog_3</name>
         <value>0xf98e</value>
         <object_component_ref idref="oc-8b"/>
      </symbol>
      <symbol id="sm-14c">
         <name>__mspabi_func_epilog_1</name>
         <value>0xf992</value>
         <object_component_ref idref="oc-8b"/>
      </symbol>
      <symbol id="sm-14d">
         <name>__mspabi_func_epilog_6</name>
         <value>0xf988</value>
         <object_component_ref idref="oc-8b"/>
      </symbol>
      <symbol id="sm-14e">
         <name>__mspabi_func_epilog_7</name>
         <value>0xf986</value>
         <object_component_ref idref="oc-8b"/>
      </symbol>
      <symbol id="sm-14f">
         <name>__mspabi_func_epilog_4</name>
         <value>0xf98c</value>
         <object_component_ref idref="oc-8b"/>
      </symbol>
      <symbol id="sm-150">
         <name>__mspabi_func_epilog_5</name>
         <value>0xf98a</value>
         <object_component_ref idref="oc-8b"/>
      </symbol>
   </symbol_table>
   <title>Link successful</title>
</link_info>
